{
    "theta_deg": 28.11839217823276,
    "M": 0.02138914283440569,
    "X": 54.89856578952313,
    "L1_cost": 37865.093904189736,
    "n_points": 1500
}